id;assunto;descricao;etiqueta;url;ementa
1;non-volatile;mobile;connect hacking;http://maria alice.org;../fake-data/blob/hipster.txt
2;evolve wireless;Inteligente;monitoring Pará;https://salvador.net;../fake-data/blob/hipster.txt
3;Web;SCSI transmitting;solid magenta;https://danilo.biz;../fake-data/blob/hipster.txt
4;Algodão;navigating hacking;Bedfordshire;http://mércia.name;../fake-data/blob/hipster.txt
5;Avon client-driven;Congelado Avon;Salgadinhos Producer Usability;https://júlio césar.biz;../fake-data/blob/hipster.txt
6;Ceará;calculate;Travessa Toalhas;https://suélen.com;../fake-data/blob/hipster.txt
7;Auto;Metal enable Bicicleta;Impressionante digital synthesize;https://calebe.br;../fake-data/blob/hipster.txt
8;Jamaica Algodão;compressing e-services Direct;pixel Licenciado;http://vitor.br;../fake-data/blob/hipster.txt
9;online;Mesa Granito Ameliorated;magenta high-level Avenida;https://rafaela.org;../fake-data/blob/hipster.txt
10;Dobra Directives;copying neural;Industrial navigate Crianças;https://fabrício.biz;../fake-data/blob/hipster.txt
